ASH,Ashland Global Holdings Inc,NYSE,4848549990.42
ASB,Associated Banc-Corp,NYSE,3709127505.95
AIZ,Assurant Inc,NYSE,6167137657.8
AGO,Assured Guaranty Ltd,NYSE,4503691000
AZN,Astrazeneca PLC,NYSE,105853654965.92
T,AT&T Inc,NYSE,218246312894.68
ATH,Athene Holding Ltd,NYSE,8138881479
ATO,Atmos Energy Corporation,NYSE,11707566783.36
AUO,AU Optronics Corp,NYSE,3483976729.82
ACB,Aurora Cannabis Inc,NYSE,7845045659
ATHM,Autohome Inc,NYSE,9846860355.36
ALV,Autoliv Inc,NYSE,6690447308.34
AZO,AutoZone Inc,NYSE,23328991340
AVLR,Avalara Inc,NYSE,3629837543.75
AVB,AvalonBay Communities Inc,NYSE,27208622901.48
AGR,Avangrid Inc,NYSE,14924954637.6
AVY,Avery Dennison Corporation,NYSE,9103514058.8
EQH,AXA Equitable Holdings Inc,NYSE,10503194513.88
AXTA,Axalta Coating Systems Ltd,NYSE,6074951318.55
AXS,Axis Capital Holdings Limited,NYSE,4656443287.68
BHGE,Baker Hughes a GE company,NYSE,26666941611.45
BLL,Ball Corporation,NYSE,18391940256.25
BBVA,Banco Bilbao Viscaya Argentaria SA,NYSE,38674400000
BBD,Banco Bradesco Sa,NYSE,74590424854.5
BBDO,Banco Bradesco Sa,NYSE,64510637712
BCH,Banco De Chile,NYSE,46882074166.2
BSBR,Banco Santander Brasil SA,NYSE,85911106454
BSAC,Banco Santander Chile,NYSE,14496218273.32
BSMX,Banco Santander Mexico SA Institucion de Ban,NYSE,8836666650.21
SAN,Banco Santander SA,NYSE,74688240133.2
CIB,BanColombia SA,NYSE,11392840815
BAC,Bank of America Corporation,NYSE,276723467238.6
BOH,Bank of Hawaii Corporation,NYSE,3383901682.92
BMO,Bank Of Montreal,NYSE,48946406772.12
BK,Bank Of New York Mellon Corporation (The),NYSE,49140169186.68
BNS,Bank of Nova Scotia (The),NYSE,66062608304
BKU,BankUnited Inc,NYSE,3450708135
BCS,Barclays PLC,NYSE,35511163525.22
GOLD,Barrick Gold Corporation,NYSE,22653124661.07
BHC,Bausch Health Companies Inc,NYSE,8173827002.61
BAX,Baxter International Inc,NYSE,37994456914.26
BBT,BB&T Corporation,NYSE,37877312502.4
BCE,BCE Inc,NYSE,39674431640.76
BDX,Becton Dickinson and Company,NYSE,66383316866.88
BMS,Bemis Company Inc,NYSE,4835408148.48
BERY,Berry Global Group Inc,NYSE,6793842000
BBY,Best Buy Co Inc,NYSE,18129372703.53
BHP,BHP Group Limited,NYSE,130597025000
BBL,BHP Group Plc,NYSE,113959495000
BIO,Bio-Rad Laboratories Inc,NYSE,9104315307.44
BJ,BJ&#39;s Wholesale Club Holdings Inc,NYSE,3398595106.5
BKH,Black Hills Corporation,NYSE,4368888691.65
BKI,Black Knight Inc,NYSE,7770617404.2
BSM,Black Stone Minerals LP,NYSE,3551669071.59
BB,BlackBerry Limited,NYSE,5024736158.4
BLK,BlackRock Inc,NYSE,66987691739.8
BA,Boeing Company (The),NYSE,238728807956.86
BAH,Booz Allen Hamilton Holding Corporation,NYSE,7469156510.6
BWA,BorgWarner Inc,NYSE,7915474477.31
SAM,Boston Beer Company Inc (The),NYSE,3651166808.64
BXP,Boston Properties Inc,NYSE,20461655474.88
BSX,Boston Scientific Corporation,NYSE,54759355696.26
BP,BP plc,NYSE,142696244782
BAK,Braskem SA,NYSE,11295439587.6
BRFS,BRF SA,NYSE,4203136066.22
BFAM,Bright Horizons Family Solutions Inc,NYSE,7102765295.08
BCO,Brink&#39;s Company (The),NYSE,3608699774.85
BMY,Bristol-Myers Squibb Company,NYSE,83903213319.03
BTI,British American Tobacco plc,NYSE,91727883974.58
BRX,Brixmor Property Group Inc,NYSE,5097734153.31
BR,Broadridge Financial Solutions Inc,NYSE,11445456175.32
BAM,Brookfield Asset Management Inc,NYSE,45161016845.07
BIP,Brookfield Infrastructure Partners LP,NYSE,11196534319.3
BEP,Brookfield Renewable Partners LP,NYSE,5499925035.04
BRO,Brown & Brown Inc,NYSE,8074991889.84
BC,Brunswick Corporation,NYSE,4510683267.75
BT,BT Group plc,NYSE,28438781169.54
BPL,Buckeye Partners LP,NYSE,5152201476.5
BVN,Buenaventura Mining Company Inc,NYSE,4195863042.84
BG,Bunge Limited,NYSE,7088366633.47
BURL,Burlington Stores Inc,NYSE,9674381377.44
BWXT,BWX Technologies Inc,NYSE,4620918329.97
CABO,Cable One Inc,NYSE,5248139871.18
COG,Cabot Oil & Gas Corporation,NYSE,10444470057.5
CACI,CACI International Inc,NYSE,4459360240.64
CAE,CAE Inc,NYSE,5512518502.4
CPT,Camden Property Trust,NYSE,9243865879.92
CCJ,Cameco Corporation,NYSE,4614943255.12
CPB,Campbell Soup Company,NYSE,10843065444.48
CM,Canadian Imperial Bank of Commerce,NYSE,37034622299.92
CNI,Canadian National Railway Company,NYSE,62773746342.78
CNQ,Canadian Natural Resources Limited,NYSE,32180380015.32
CP,Canadian Pacific Railway Limited,NYSE,28738146823.84
CAJ,Canon Inc,NYSE,30610966421.7
CGC,Canopy Growth Corporation,NYSE,15604411935.6
COF,Capital One Financial Corporation,NYSE,38071450362.01
BXMT,Capital Trust Inc,NYSE,4207944992
CPRI,Capri Holdings Limited,NYSE,6567876996.54
CAH,Cardinal Health Inc,NYSE,14215394348.1
CSL,Carlisle Companies Incorporated,NYSE,6957606883.59
KMX,CarMax Inc,NYSE,9929686882.92
CCL,Carnival Corporation,NYSE,39501200791.64
CUK,Carnival Corporation,NYSE,38809018614.87
CRI,Carter&#39;s Inc,NYSE,4210729938.7
CTLT,Catalent Inc,NYSE,6148612636.22
CAT,Caterpillar Inc,NYSE,75597538636.3
CBRE,CBRE Group Inc,NYSE,17074694327.18
CBS,CBS Corporation,NYSE,18279258866.83
CE,Celanese Corporation,NYSE,12781829674.26
CX,Cemex SAB de CV,NYSE,6994649781.85
CVE,Cenovus Energy Inc,NYSE,10087615235.07
CNC,Centene Corporation,NYSE,23368916805.92
CNP,CenterPoint Energy Inc,NYSE,15051225309.12
EBR,Centrais Electricas Brasileiras SA- Eletrobras,NYSE,11970809333.55
CTL,CenturyLink Inc,NYSE,13292109021
CDAY,Ceridian HCM Holding Inc,NYSE,6723961834.8
CF,CF Industries Holdings Inc,NYSE,8980260541.53
GIB,CGI Inc,NYSE,16148392615.8
CRL,Charles River Laboratories International Inc,NYSE,6652821257.85
CHGG,Chegg Inc,NYSE,4572292625.72
CHE,Chemed Corp,NYSE,5156853788.24
CC,Chemours Company (The),NYSE,6352417224.09
CHK,Chesapeake Energy Corporation,NYSE,4454608608.45
CVX,Chevron Corporation,NYSE,231085632871.2
CIM,Chimera Investment Corporation,NYSE,3499769039.16
CEA,China Eastern Airlines Corporation Ltd,NYSE,8663190287.22
LFC,China Life Insurance Company Limited,NYSE,73940468280
CHL,China Mobile (Hong Kong) Ltd,NYSE,212371708586.94
SNP,China Petroleum & Chemical Corporation,NYSE,99181534904.32
ZNH,China Southern Airlines Company Limited,NYSE,9379479902.35
CHA,China Telecom Corp Ltd,NYSE,42416461200
CHU,China Unicom (Hong Kong) Ltd,NYSE,35891454000
CMG,Chipotle Mexican Grill Inc,NYSE,17050280398.8
CHH,Choice Hotels International Inc,NYSE,4391065647.3
CB,Chubb Limited,NYSE,60671300821.32
CHT,Chunghwa Telecom Co Ltd,NYSE,26926098537
CHD,Church & Dwight Company Inc,NYSE,16143404982.9
CIEN,Ciena Corporation,NYSE,6098675552.1
CI,Cigna Corporation,NYSE,62120088497.46
XEC,Cimarex Energy Co,NYSE,6539129300.42
CNK,Cinemark Holdings Inc,NYSE,4555599116.04
CIT,CIT Group Inc (DEL),NYSE,4930567798.72
C,Citigroup Inc,NYSE,145935561380.54
CFG,Citizens Financial Group Inc,NYSE,16003156608.56
CLH,Clean Harbors Inc,NYSE,3776924702.04
CLX,Clorox Company (The),NYSE,20228169732.87
CLDR,Cloudera Inc,NYSE,3644437122.72
CMS,CMS Energy Corporation,NYSE,15484981737.2
CNA,CNA Financial Corporation,NYSE,11694906232.32
CNHI,CNH Industrial NV,NYSE,13971545806.56
KOF,Coca Cola Femsa SAB de CV,NYSE,12508163200
KO,Coca-Cola Company (The),NYSE,191706246990.04
CCEP,Coca-Cola European Partners plc,NYSE,22667620958.76
CL,Colgate-Palmolive Company,NYSE,56310558882.9
CMA,Comerica Incorporated,NYSE,13271772903.58
CIG,Comp En De Mn Cemig ADS,NYSE,5336982291.78
CBD,Companhia Brasileira de Distribuicao,NYSE,6345376809.8
SBS,Companhia de saneamento Basico Do Estado De Sao Paulo - Sabesp,NYSE,6930790071.66
CCU,Compania Cervecerias Unidas SA,NYSE,5241398239.32
CAG,ConAgra Brands Inc,NYSE,10912375425.42
CXO,Concho Resources Inc,NYSE,20115589584.96
COP,ConocoPhillips,NYSE,74224059870.42
ED,Consolidated Edison Inc,NYSE,26912686880.64
STZ,Constellation Brands Inc,NYSE,31555608939.19
CLR,Continental Resources Inc,NYSE,15002995507.5
CPA,Copa Holdings SA,NYSE,3493774069.2
COR,CoreSite Realty Corporation,NYSE,3715286616.11
GLW,Corning Incorporated,NYSE,26592524267.4
COTY,Coty Inc,NYSE,8263825669
CUZ,Cousins Properties Incorporated,NYSE,4069146781.04
CPL,CPFL Energia SA,NYSE,7944824592.53
CR,Crane Co,NYSE,4883480979.3
BAP,Credicorp Ltd,NYSE,18792489210
CS,Credit Suisse Group,NYSE,29990320745.25
CRH,CRH PLC,NYSE,25191897474.6
CCI,Crown Castle International Corporation,NYSE,50267151486.72
CCK,Crown Holdings Inc,NYSE,7392166202.7
CUBE,CubeSmart,NYSE,5727101722.2
CFR,Cullen/Frost Bankers Inc,NYSE,6374168777.58
CMI,Cummins Inc,NYSE,24319869754.18
CW,Curtiss-Wright Corporation,NYSE,4902366091.05
CWK,Cushman & Wakefield plc,NYSE,3872808000
CVI,CVR Energy Inc,NYSE,3870428061.5
CVS,CVS Health Corporation,NYSE,68654558993.45
DHI,DR Horton Inc,NYSE,15086294048
DHR,Danaher Corporation,NYSE,89275476513.6
DRI,Darden Restaurants Inc,NYSE,13294517048.28
DAR,Darling Ingredients Inc,NYSE,3454601941.5
DVA,DaVita Inc,NYSE,8311680000
DCP,DCP Midstream LP,NYSE,4392676103.2
DECK,Deckers Outdoor Corporation,NYSE,4107760617.88
DE,Deere & Company,NYSE,50643647777.77
DELL,Dell Technologies Inc,NYSE,37610051571.75
DAL,Delta Air Lines Inc,NYSE,33669135359.82
DB,Deutsche Bank AG,NYSE,17840736000
DVN,Devon Energy Corporation,NYSE,11706993000
DEO,Diageo plc,NYSE,95823724575.88
DKS,Dick&#39;s Sporting Goods Inc,NYSE,3720764992.1
DLR,Digital Realty Trust Inc,NYSE,23274192065.58
DFS,Discover Financial Services,NYSE,22947660639.36
DLB,Dolby Laboratories,NYSE,6577731559.7
DG,Dollar General Corporation,NYSE,31206998933.01
D,Dominion Energy Inc,NYSE,60532055202.67
DPZ,Domino&#39;s Pizza Inc,NYSE,10281517166.08
DCI,Donaldson Company Inc,NYSE,6173318071.08
DEI,Douglas Emmett Inc,NYSE,6689756904.6
DOV,Dover Corporation,NYSE,12938849147.4
DWDP,DowDuPont Inc,NYSE,123290389331.44
RDY,Dr Reddy&#39;s Laboratories Ltd,NYSE,6223021725.76
DTE,DTE Energy Company,NYSE,22412997992
DUK,Duke Energy Corporation,NYSE,65576381556.4
DRE,Duke Realty Corporation,NYSE,10737791024.66
DXC,DXC Technology Company,NYSE,17220327493.53
EXP,Eagle Materials Inc,NYSE,3627824632.64
EGP,EastGroup Properties Inc,NYSE,3898910149.12
EMN,Eastman Chemical Company,NYSE,11039613681.36
ETN,Eaton Corporation PLC,NYSE,33625368000
EV,Eaton Vance Corporation,NYSE,4598073773.28
ECL,Ecolab Inc,NYSE,48984203427.64
EC,Ecopetrol SA,NYSE,40664411038.52
EIX,Edison International,NYSE,20216585332.3
EW,Edwards Lifesciences Corporation,NYSE,35166528846.54
ELAN,Elanco Animal Health Incorporated,NYSE,10749930983.4
ESTC,Elastic NV,NYSE,6019171779.9
LLY,Eli Lilly and Company,NYSE,131187531805.4
ELLI,Ellie Mae Inc,NYSE,3461131117.26
ERJ,Embraer SA,NYSE,3649298078.7
EME,EMCOR Group Inc,NYSE,3942792917.07
EMR,Emerson Electric Company,NYSE,40933682609.4
ESRT,Empire State Realty Trust Inc,NYSE,4804684885.44
ENBL,Enable Midstream Partners LP,NYSE,6390402100
ENB,Enbridge Inc,NYSE,72658148337.33
ECA,Encana Corporation,NYSE,9961895665.8
EHC,Encompass Health Corporation,NYSE,5830828357.9
ENIA,Enel Americas SA,NYSE,10218535681.32
ENIC,Enel Chile SA,NYSE,7209783197.84
ET,Energy Transfer LP,NYSE,38819380355.34
E,ENI SpA,NYSE,61272364663.8
ENLC,EnLink Midstream LLC,NYSE,6140134181.25
ETR,Entergy Corporation,NYSE,17534301554.88
EPD,Enterprise Products Partners LP,NYSE,61267309708.5
EOG,EOG Resources Inc,NYSE,50139800769
EPAM,EPAM Systems Inc,NYSE,8726902679.52
EPR,EPR Properties,NYSE,5548260088.17
EQM,EQM Midstream Partners LP,NYSE,8437301812.1
EQT,EQT Corporation,NYSE,4677430320
EFX,Equifax Inc,NYSE,13099558844.64
EQNR,Equinor ASA,NYSE,72324910123.05
ETRN,Equitrans Midstream Corporation,NYSE,4752324990
EQC,Equity Commonwealth,NYSE,4004637355.74
ELS,Equity Lifestyle Properties Inc,NYSE,10030748587.86
EQR,Equity Residential,NYSE,27241920834.52
ESNT,Essent Group Ltd,NYSE,4176255292.93
ESS,Essex Property Trust Inc,NYSE,18623712334.5
EL,Estee Lauder Companies Inc (The),NYSE,56355798216.44
ESL,Esterline Technologies Corporation,NYSE,3621593981.06
EVR,Evercore Inc,NYSE,3611287428.7
RE,Everest Re Group Ltd,NYSE,8817574408.38
EVRG,Evergy Inc,NYSE,14198170640.08
ES,Eversource Energy,NYSE,22080603101.44
EXC,Exelon Corporation,NYSE,47304206611.74
EXR,Extra Space Storage Inc,NYSE,12355592507.06
XOM,Exxon Mobil Corporation,NYSE,334591740073.31
FNB,FNB Corporation,NYSE,3760877880.14
FDS,FactSet Research Systems Inc,NYSE,8789997117
FICO,Fair Isaac Corporation,NYSE,7139887211.2
FTCH,Farfetch Limited,NYSE,7910830483.4
FRT,Federal Realty Investment Trust,NYSE,9803643545.83
FDX,FedEx Corporation,NYSE,44842073902.5
RACE,Ferrari NV,NYSE,31500015746.4
FCAU,Fiat Chrysler Automobiles NV,NYSE,28178463165.4
FNF,Fidelity National Financial Inc,NYSE,9710933540.2
FIS,Fidelity National Information Services Inc,NYSE,34135934934.64
FAF,First American Corporation (The),NYSE,5601679200.75
FDC,First Data Corporation,NYSE,23657787591.04
FHN,First Horizon National Corporation,NYSE,4724437590
FR,First Industrial Realty Trust Inc,NYSE,4300403343.44
FRC,FIRST REPUBLIC BANK,NYSE,16761507858.56
FE,FirstEnergy Corp,NYSE,21677922435.75
FLT,FleetCor Technologies Inc,NYSE,19557286270.08
FND,Floor & Decor Holdings Inc,NYSE,3837372403.08
FLO,Flowers Foods Inc,NYSE,4289716170
FLS,Flowserve Corporation,NYSE,5625718905.1
FLR,Fluor Corporation,NYSE,5097370993.88
FMC,FMC Corporation,NYSE,10255793533.42
FMX,Fomento Economico Mexicano SAB de CV,NYSE,155885427452.55
FL,Foot Locker Inc,NYSE,6782443336.16
F,Ford Motor Company,NYSE,33499405625.54
FTS,Fortis Inc,NYSE,15390299723.2
FTV,Fortive Corporation,NYSE,26904351294
FBHS,Fortune Brands Home & Security Inc,NYSE,6494782921.95
FNV,Franco-Nevada Corporation,NYSE,14439082666.2
BEN,Franklin Resources Inc,NYSE,15962962273.18
FCX,Freeport-McMoran Inc,NYSE,17519121919.65
FMS,Fresenius Medical Care Corporation,NYSE,22960664408.82
FSK,FS KKR Capital Corp,NYSE,3390834354.82
GPS,Gap Inc (The),NYSE,9801540000
GDI,Gardner Denver Holdings Inc,NYSE,5210781969.6
IT,Gartner Inc,NYSE,12671782851.25
GTES,Gates Industrial Corporation plc,NYSE,4388948710.48
GD,General Dynamics Corporation,NYSE,47887517077.92
GE,General Electric Company,NYSE,83394667358
GIS,General Mills Inc,NYSE,27784629575.52
GM,General Motors Company,NYSE,53546104398.74
GWR,Genesee & Wyoming Inc,NYSE,4560336307.8
G,Genpact Limited,NYSE,6332299534.67
GPC,Genuine Parts Company,NYSE,15461282464.1
GGB,Gerdau SA,NYSE,6502158026.38
GIL,Gildan Activewear Inc,NYSE,7308271619.95
GSK,GlaxoSmithKline PLC,NYSE,99596345470.36
GPN,Global Payments Inc,NYSE,20538862577.28
GMED,Globus Medical Inc,NYSE,4561735528
GDDY,GoDaddy Inc,NYSE,12822048122.56
GOL,Gol Linhas Aereas Inteligentes SA,NYSE,22007885110.16
GG,Goldcorp Inc,NYSE,9299927056.48
GS,Goldman Sachs Group Inc (The),NYSE,71901476237.64
GGG,Graco Inc,NYSE,7802111006.4
EAF,GrafTech International Ltd,NYSE,3593950260.44
GHC,Graham Holdings Company,NYSE,3606359420.56
GPK,Graphic Packaging Holding Company,NYSE,3628737653.31
GRUB,GrubHub Inc,NYSE,6679353684.6
PAC,Grupo Aeroportuario Del Pacifico SA de CV,NYSE,4947459000
ASR,Grupo Aeroportuario del Sureste SA de CV,NYSE,4795800000
AVAL,Grupo Aval Acciones y Valores SA,NYSE,8399943461.78
TV,Grupo Televisa SA,NYSE,5993675636.8
GWRE,Guidewire Software Inc,NYSE,7182681089.28
HRB,H&R Block Inc,NYSE,5127918984.25
HAE,Haemonetics Corporation,NYSE,4381016223.99
HAL,Halliburton Company,NYSE,23968751869.74
HBI,Hanesbrands Inc,NYSE,6610445069.74
HOG,Harley-Davidson Inc,NYSE,6008425345.3
HRS,Harris Corporation,NYSE,19083711813.52
HIG,Hartford Financial Services Group Inc (The),NYSE,17294120992.11
HE,Hawaiian Electric Industries Inc,NYSE,4293203307.82
HCA,HCA Healthcare Inc,NYSE,42708069558
HCP,HCP Inc,NYSE,14509928229.72
HDB,HDFC Bank Limited,NYSE,94342709777.52
HR,Healthcare Realty Trust Incorporated,NYSE,3920463590.82
HTA,Healthcare Trust of America Inc,NYSE,5721292240.2
HEI,Heico Corporation,NYSE,12110682996.72
HP,Helmerich & Payne Inc,NYSE,5777695266.06
HLF,Herbalife Nutrition Ltd,NYSE,8804972851.2
HSY,Hershey Company (The),NYSE,23195741884.56
HES,Hess Corporation,NYSE,16666884410
HPE,Hewlett Packard Enterprise Company,NYSE,21494379973.22
HXL,Hexcel Corporation,NYSE,5916110311.44
HIW,Highwoods Properties Inc,NYSE,4632196977.45
HRC,Hill-Rom Holdings Inc,NYSE,6873692354.13
HLT,Hilton Worldwide Holdings Inc,NYSE,24145262935.65
HFC,HollyFrontier Corporation,NYSE,8333357668.8
HD,Home Depot Inc (The),NYSE,204704314857.42
HMC,Honda Motor Company Ltd,NYSE,47615449326.55
HON,Honeywell International Inc,NYSE,110522130065.1
HRL,Hormel Foods Corporation,NYSE,22982268498.15
HST,Host Hotels & Resorts Inc,NYSE,14283731326.59
HHC,Howard Hughes Corporation (The),NYSE,4601745721.92
HPQ,HP Inc,NYSE,28737824088.06
HSBC,HSBC Holdings plc,NYSE,163899024129.83
HNP,Huaneng Power International Inc,NYSE,9564063355.21
HUBB,Hubbell Inc,NYSE,6432079553.2
HUBS,HubSpot Inc,NYSE,6439888661.4
HPP,Hudson Pacific Properties Inc,NYSE,5134147317.21
HUM,Humana Inc,NYSE,36368534677.43
HII,Huntington Ingalls Industries Inc,NYSE,8310965789.32
HUN,Huntsman Corporation,NYSE,5449401518
HUYA,HUYA Inc,NYSE,4919660980.12
H,Hyatt Hotels Corporation,NYSE,7690392134.1
IBN,ICICI Bank Limited,NYSE,33793635378.81
IDA,IDACORP Inc,NYSE,5055466944.44
IEX,IDEX Corporation,NYSE,10835340689.44
ITW,Illinois Tool Works Inc,NYSE,46148444068.95
INFY,Infosys Limited,NYSE,45522958854.48
ING,ING Group NV,NYSE,45767316959.28
IR,Ingersoll-Rand plc (Ireland),NYSE,25258188213.3
NGVT,Ingevity Corporation,NYSE,4594725124.8
INGR,Ingredion Incorporated,NYSE,6079405859.78
NSP,Insperity Inc,NYSE,4977194137.48
ICE,Intercontinental Exchange Inc,NYSE,41216110510
IHG,Intercontinental Hotels Group,NYSE,10794180957.56
IBM,International Business Machines Corporation,NYSE,120212032523.04
IFF,International Flavors & Fragrances Inc,NYSE,13371815318.4
IP,International Paper Company,NYSE,18318807166.63
IPG,Interpublic Group of Companies Inc (The),NYSE,8564303725.75
INXN,InterXion Holding NV,NYSE,4512532080
IVZ,Invesco Plc,NYSE,7401416171.12
INVH,Invitation Homes Inc,NYSE,12216695733.04
IQV,IQVIA Holdings Inc,NYSE,27183554912.97
IRM,Iron Mountain Incorporated,NYSE,9959798872.1
ICL,Israel Chemicals Shs,NYSE,6785596079.1
ITCB,Ita? CorpBanca,NYSE,4557004110.04
ITUB,Itau Unibanco Banco Holding SA,NYSE,89433734115.2
ITT,ITT Inc,NYSE,4966068000
JPM,J P Morgan Chase & Co,NYSE,337279640195.26
SJM,JM Smucker Company (The),NYSE,11657885549.34
JBL,Jabil Inc,NYSE,4180402758.56
JEC,Jacobs Engineering Group Inc,NYSE,10031261730.7
JHX,James Hardie Industries plc,NYSE,5784811982.04
JHG,Janus Henderson Group plc,NYSE,4637305358.04
JBGS,JBG SMITH Properties,NYSE,4957701157.8
JEF,Jefferies Financial Group Inc,NYSE,5728419414.9
JNJ,Johnson & Johnson,NYSE,367672912216.74
JCI,Johnson Controls International plc,NYSE,32643535842.84
JLL,Jones Lang LaSalle Incorporated,NYSE,7335048404.66
JNPR,Juniper Networks Inc,NYSE,8938127997.4
KSU,Kansas City Southern,NYSE,11234795071.5
KAR,KAR Auction Services Inc,NYSE,6363302513.4
KB,KB Financial Group Inc,NYSE,14648758927.78
K,Kellogg Company,NYSE,18762892322.24
KMPR,Kemper Corporation,NYSE,5119735381.64
KDP,Keurig Dr Pepper Inc,NYSE,37120552154.4
KEY,KeyCorp,NYSE,16917370751.97
KEYS,Keysight Technologies Inc,NYSE,15781721000
KRC,Kilroy Realty Corporation,NYSE,7466304069
KMB,Kimberly-Clark Corporation,NYSE,39912737284.4
KIM,Kimco Realty Corporation,NYSE,7298405035.04
KMI,Kinder Morgan Inc,NYSE,44661941146.87
KGC,Kinross Gold Corporation,NYSE,4201044808.8
KEX,Kirby Corporation,NYSE,4263698750
KL,Kirkland Lake Gold Ltd,NYSE,7329953761.9
KKR,KKR & Co Inc,NYSE,18641201729.32
KNX,Knight Transportation Inc,NYSE,5615868536.94
KSS,Kohl&#39;s Corporation,NYSE,11190817472.67
PHG,Koninklijke Philips NV,NYSE,35863441733.01
KEP,Korea Electric Power Corporation,NYSE,19695457882.36
KR,Kroger Company (The),NYSE,19520772066.45
KT,KT Corporation,NYSE,6486530561.28
LB,L Brands Inc,NYSE,7122986068.77
LLL,L3 Technologies Inc,NYSE,16529251529.7
LH,Laboratory Corporation of America Holdings,NYSE,14445886000
LW,Lamb Weston Holdings Inc,NYSE,10255907930.43
LVS,Las Vegas Sands Corp,NYSE,46689131214.96
LTM,LATAM Airlines Group SA,NYSE,6773573930.81
LAZ,Lazard Ltd,NYSE,3934785382.99
LEA,Lear Corporation,NYSE,9065360909.19
LEG,Leggett & Platt Incorporated,NYSE,5810404471.3
LDOS,Leidos Holdings Inc,NYSE,9126285909.16
LEN,Lennar Corporation,NYSE,15449928604.89
LII,Lennox International Inc,NYSE,9733951848.26
LPL,LG Display Co Ltd,NYSE,6741247788
LPT,Liberty Property Trust,NYSE,7122437586.32
LSI,Life Storage Inc,NYSE,4424977187.67
LNC,Lincoln National Corporation,NYSE,12292358668.04
LIN,Linde plc,NYSE,94583664504.56
LN,LINE Corporation,NYSE,8404693712.48
LYV,Live Nation Entertainment Inc,NYSE,12820503097.75
RAMP,LiveRamp Holdings Inc,NYSE,4001567097.45
LYG,Lloyds Banking Group Plc,NYSE,56901584643.31
LMT,Lockheed Martin Corporation,NYSE,85037194607.3
L,Loews Corporation,NYSE,14589056000
LPX,Louisiana-Pacific Corporation,NYSE,3420031903.62
LOW,Lowe&#39;s Companies Inc,NYSE,79757719505.31
LYB,LyondellBasell Industries NV,NYSE,32342620805.72
MTB,M&T Bank Corporation,NYSE,23250250499.52
MAC,Macerich Company (The),NYSE,5928774306
MIC,Macquarie Infrastructure Corporation ,NYSE,3407797331.19
M,Macy&#39;s Inc,NYSE,7099418571.6
MMP,Magellan Midstream Partners LP,NYSE,13681365337.2
MGA,Magna International Inc,NYSE,16259747200.04
MAN,ManpowerGroup,NYSE,4845709026.75
MFC,Manulife Financial Corp,NYSE,32487009673.24
MRO,Marathon Oil Corporation,NYSE,13317067547.93
MPC,Marathon Petroleum Corporation,NYSE,38733103425
MKL,Markel Corporation,NYSE,13285074171.04
VAC,Marriot Vacations Worldwide Corporation,NYSE,4447497087.7
MMC,Marsh & McLennan Companies Inc,NYSE,45247662428.4
MLM,Martin Marietta Materials Inc,NYSE,12263232543.64
MAS,Masco Corporation,NYSE,11555885700
MTZ,MasTec Inc,NYSE,3498798435.6
MA,Mastercard Incorporated,NYSE,246028115267
MMS,Maximus Inc,NYSE,4443529167.7
MKC,McCormick & Company Incorporated,NYSE,18110919170.05
MCD,McDonald&#39;s Corporation,NYSE,137374461094
MCK,McKesson Corporation,NYSE,21457574925.92
MDU,MDU Resources Group Inc,NYSE,5098399124
MPW,Medical Properties Trust Inc,NYSE,6686291480
MDT,Medtronic plc,NYSE,121400985804.4
MRK,Merck & Company Inc,NYSE,205981380578.4
MET,MetLife Inc,NYSE,42273080382.72
MTD,Mettler-Toledo International Inc,NYSE,16884316635.15
MTG,MGIC Investment Corporation,NYSE,4552144435.2
MGP,MGM Growth Properties LLC,NYSE,8450764601.51
MGM,MGM Resorts International,NYSE,14228290138.5
MFGP,Micro Focus Intl PLC,NYSE,9933976621
MAA,Mid-America Apartment Communities Inc,NYSE,12006108802.8
MUFG,Mitsubishi UFJ Financial Group Inc,NYSE,65387901379.24
MFG,Mizuho Financial Group Inc,NYSE,38164262392.41
MBT,Mobile TeleSystems OJSC,NYSE,7126225034.04
MHK,Mohawk Industries Inc,NYSE,9550691195.76
MOH,Molina Healthcare Inc,NYSE,8279073000
TAP,Molson Coors Brewing  Company,NYSE,9676909841.25
MCO,Moody&#39;s Corporation,NYSE,32458540000
MS,Morgan Stanley,NYSE,70675453771.12
MOS,Mosaic Company (The),NYSE,10800871781.7
MSI,Motorola Solutions Inc,NYSE,22753528338.8
MPLX,MPLX LP,NYSE,26421664872.96
MSA,MSA Safety Incorporporated,NYSE,3940420657.95
MSM,MSC Industrial Direct Company Inc,NYSE,4585499909.52
MSCI,MSCI Inc,NYSE,15383941939.8
MUR,Murphy Oil Corporation,NYSE,5018706041
NFG,National Fuel Gas Company,NYSE,5168083348
NGG,National Grid Transco PLC,NYSE,39025252606.24
NOV,National Oilwell Varco Inc,NYSE,9919420661.02
NNN,National Retail Properties,NYSE,8428399560
SID,National Steel Company,NYSE,4954611223.73
EDU,New Oriental Education & Technology Group Inc,NYSE,12510439288.2
NEWR,New Relic Inc,NYSE,5767263420.96
NRZ,New Residential Investment Corp,NYSE,6046391676.78
NYCB,New York Community Bancorp Inc,NYSE,5786617300.88
NYT,New York Times Company (The),NYSE,5531662577.96
NJR,NewJersey Resources Corporation,NYSE,4389794833.85
NEU,NewMarket Corporation,NYSE,4970099986.54
NEM,Newmont Mining Corporation,NYSE,17956286990.95
NEE,NextEra Energy Inc,NYSE,90230208193.5
NLSN,Nielsen NV,NYSE,9252289913.19
NKE,Nike Inc,NYSE,133458031816
NIO,NIO Inc,NYSE,7243630924.76
NI,NiSource Inc,NYSE,10213795488.3
NBL,Noble Energy Inc,NYSE,10358377590.96
NOK,Nokia Corporation,NYSE,33943628898.4
NOMD,Nomad Foods Limited,NYSE,3737217315.24
NMR,Nomura Holdings Inc ADR,NYSE,12370844600.4
JWN,Nordstrom Inc,NYSE,6928652000
NSC,Norfolk Souther Corporation,NYSE,47280752530.28
NOC,Northrop Grumman Corporation,NYSE,46840762431.72
NWE,NorthWestern Corporation,NYSE,3532889057.07
NCLH,Norwegian Cruise Line Holdings Ltd,NYSE,11977209303.55
NVS,Novartis AG,NYSE,207265853752.72
NVO,Novo Nordisk A/S,NYSE,118758511545.12
NRG,NRG Energy Inc,NYSE,11650158423
NUE,Nucor Corporation,NYSE,17648001681.57
NTR,Nutrien Ltd,NYSE,31903270789.24
NEA,Nuveen AMT-Free Quality Municipal Income Fund,NYSE,3454776508.05
NVT,nVent Electric plc,NYSE,4735430677.44
NVR,NVR Inc,NYSE,9801845070
OAK,Oaktree Capital Group LLC,NYSE,6848263559.25
OXY,Occidental Petroleum Corporation,NYSE,47004057440.53
OGE,OGE Energy Corp,NYSE,8462658186.55
ORI,Old Republic International Corporation,NYSE,6252304617.3
OLN,Olin Corporation,NYSE,3952113387.36
OHI,Omega Healthcare Investors Inc,NYSE,7301198726.25
OMC,Omnicom Group Inc,NYSE,16548645236.04
OGS,ONE Gas Inc,NYSE,4612778446.58
OMF,OneMain Holdings Inc,NYSE,4355752012.8
OKE,ONEOK Inc,NYSE,26993474431.56
ORCL,Oracle Corporation,NYSE,189387255630
ORAN,Orange,NYSE,40421169226.08
IX,Orix Corp Ads,NYSE,18016775231
OSK,Oshkosh Corporation,NYSE,5438423769.36
OC,Owens Corning Inc,NYSE,5153500464.06
PCG,Pacific Gas & Electric Co,NYSE,10229416108.31
PKG,Packaging Corporation of America,NYSE,9203903582
PAGS,PagSeguro Digital Ltd,NYSE,8882567569.1
PANW,Palo Alto Networks Inc,NYSE,21992562762.39
PK,Park Hotels & Resorts Inc,NYSE,6171315646.86
PH,Parker-Hannifin Corporation,NYSE,21866625955.65
PE,Parsley Energy Inc,NYSE,5472753690.24
PAYC,Paycom Software Inc,NYSE,10435404480.48
PBF,PBF Energy Inc,NYSE,3480325545.84
PSO,Pearson Plc,NYSE,8361080815.4
PEB,Pebblebrook Hotel Trust,NYSE,4120442958.18
PBA,Pembina Pipeline Corp,NYSE,18569051950.35
PAG,Penske Automotive Group Inc,NYSE,3570520080.9
PNR,Pentair plc,NYSE,7135580928.6
PEN,Penumbra Inc,NYSE,4816790908
PFGC,Performance Food Group Company,NYSE,3995590000.5
PKI,PerkinElmer Inc,NYSE,10179197837.4
PRGO,Perrigo Company,NYSE,6318097708.5
PTR,PetroChina Company Limited,NYSE,116620967054.16
PBR,Petroleo Brasileiro SA- Petrobras,NYSE,97703282005.7
PFE,Pfizer Inc,NYSE,227013297863.1
PM,Philip Morris International Inc,NYSE,135948400882.8
PSX,Phillips 66,NYSE,42902853234.97
PSXP,Phillips 66 Partners LP,NYSE,6270977899.15
PNW,Pinnacle West Capital Corporation,NYSE,10447568964.76
PXD,Pioneer Natural Resources Company,NYSE,21948651018.28
PVTL,Pivotal Software Inc,NYSE,5427058355.84
PAA,Plains All American Pipeline LP,NYSE,17227201130.5
PAGP,Plains Group Holdings LP,NYSE,3754290741.52
PLNT,Planet Fitness Inc,NYSE,5957769280
PHI,PLDT Inc,NYSE,4439946176.25
PNC,PNC Financial Services Group Inc (The),NYSE,57901900000
PNM,PNM Resources Inc (Holding Co),NYSE,3652915196.64
PII,Polaris Industries Inc,NYSE,5188972400.64
POR,Portland General Electric Company,NYSE,4596500714.75
PKX,POSCO,NYSE,17606213266.16
POST,Post Holdings Inc,NYSE,7217248463.04
PPG,PPG Industries Inc,NYSE,25861602655.91
PPL,PPL Corporation,NYSE,23055561966.06
PRI,Primerica Inc,NYSE,5112071142.5
PG,Procter & Gamble Company (The),NYSE,246180459162.69
PGR,Progressive Corporation (The),NYSE,42198180686.64
PLD,Prologis Inc,NYSE,44086679000
PB,Prosperity Bancshares Inc,NYSE,5067387153.75
PRU,Prudential Financial Inc,NYSE,38159700000
PUK,Prudential Public Limited Company,NYSE,51785727076.46
PSB,PS Business Parks Inc,NYSE,4189958526.13
TLK,PT Telekomunikasi Indonesia Tbk,NYSE,26162331404.06
PEG,Public Service Enterprise Group Incorporated,NYSE,29734372679.68
PSA,Public Storage,NYSE,37398573814.56
PHM,PulteGroup Inc,NYSE,7643576553.06
PSTG,Pure Storage Inc ,NYSE,4701861702.02
PVH,PVH Corp,NYSE,8352080282.16
QGEN,Qiagen NV,NYSE,8798551380
PWR,Quanta Services Inc,NYSE,4974332173.47
DGX,Quest Diagnostics Incorporated,NYSE,11327665366.16
RDN,Radian Group Inc,NYSE,4295076760
RL,Ralph Lauren Corporation,NYSE,9596595461.12
RJF,Raymond James Financial Inc,NYSE,11332402094.75
RYN,Rayonier Inc,NYSE,3729273436.8
RTN,Raytheon Company,NYSE,51017521640
O,Realty Income Corporation,NYSE,21189472260.75
RHT,Red Hat Inc,NYSE,31942384172.28
RBC,Regal Beloit Corporation,NYSE,3424715582.04
RF,Regions Financial Corporation,NYSE,15744108335.41
RGA,Reinsurance Group of America Incorporated,NYSE,8986730809.77
RS,Reliance Steel & Aluminum Co,NYSE,5785489057.5
RELX,RELX PLC,NYSE,42256973693.99
RNR,RenaissanceRe Holdings Ltd,NYSE,6021728331.3
RSG,Republic Services Inc,NYSE,25053849163.8
RMD,ResMed Inc,NYSE,14473300909
QSR,Restaurant Brands International Inc,NYSE,15815335024.76
RNG,Ringcentral Inc,NYSE,8278094417.34
RIO,Rio Tinto Plc,NYSE,92913684410.22
RBA,Ritchie Bros Auctioneers Incorporated,NYSE,3673317691.79
RHI,Robert Half International Inc,NYSE,7701996733.2
ROK,Rockwell Automation Inc,NYSE,20864008385.98
RCI,Rogers Communication Inc,NYSE,21357526473.14
ROL,Rollins Inc,NYSE,13128734125.08
ROP,Roper Technologies Inc,NYSE,32913084107.94
RY,Royal Bank Of Canada,NYSE,110131907234.72
RBS,Royal Bank Scotland plc (The),NYSE,40905316340.49
RCL,Royal Caribbean Cruises Ltd,NYSE,24378606130.92
RPM,RPM International Inc,NYSE,7502430370.19
RHP,Ryman Hospitality Properties Inc,NYSE,4169488721.58
SPGI,S&P Global Inc,NYSE,48807638000
CRM,Salesforcecom Inc,NYSE,118620900000
SC,Santander Consumer USA Holdings Inc,NYSE,7199477209.92
SAP,SAP SE,NYSE,128878377327.66
SSL,Sasol Ltd,NYSE,18566661991.95
SLB,Schlumberger NV,NYSE,57226809273.35
SNDR,Schneider National Inc,NYSE,3728137486.32
SAIC,SCIENCE APPLICATIONS INTERNATIONAL CORPORATION,NYSE,4236496390.4
SMG,Scotts Miracle-Gro Company (The),NYSE,4547613429.84
SE,Sea Limited,NYSE,7938699248.1
SEE,Sealed Air Corporation,NYSE,6984792883.2
SMI,Semiconductor  Manufacturing International Corporation,NYSE,5121713525.92
SRE,Sempra Energy,NYSE,33515005900.8
ST,Sensata Technologies Holding plc,NYSE,7891119717.03
SCI,Service Corporation International,NYSE,7230367747.64
SERV,ServiceMaster Global Holdings Inc,NYSE,6481794645.66
NOW,ServiceNow Inc,NYSE,42227975000
SJR,Shaw Communications Inc,NYSE,9946106303.72
SHLX,Shell Midstream Partners LP,NYSE,4171851597.84
SHW,Sherwin-Williams Company (The),NYSE,38660737041.9
SHG,Shinhan Financial Group Co Ltd,NYSE,17690812074.45
SHOP,Shopify Inc,NYSE,18599304387.84
SPG,Simon Property Group Inc,NYSE,53828685105.76
SHI,SINOPEC Shangai Petrochemical Company Ltd,NYSE,5482261537.75
SIX,Six Flags Entertainment Corporation New,NYSE,4223906547.52
SKM,SK Telecom Co Ltd,NYSE,16076827267.41
SKX,Skechers USA Inc,NYSE,5027506367.34
SLG,SL Green Realty Corp,NYSE,7619646396.96
SMAR,Smartsheet Inc,NYSE,3934146557.34
SNN,Smith & Nephew SNATS Inc,NYSE,16837655613.21
SNAP,Snap Inc,NYSE,12523419365.04
SNA,Snap-On Incorporated,NYSE,8765659352.57
SQM,Sociedad Quimica y Minera SA,NYSE,9922508954.8
SWI,SolarWinds Corporation,NYSE,5547972074.6
SON,Sonoco Products Company,NYSE,5825848544.74
SNE,Sony Corp Ord,NYSE,58342121142.2
SO,Southern Company (The),NYSE,52659321801.1
SCCO,Southern Copper Corporation,NYSE,27705913768.96
LUV,Southwest Airlines Company,NYSE,28612701712.73
SWX,Southwest Gas Holdings Inc,NYSE,4079123111.16
SR,Spire Inc,NYSE,4018122535.63
SPR,Spirit Aerosystems Holdings Inc,NYSE,10172544755.1
SAVE,Spirit Airlines Inc,NYSE,3531241531.36
SPOT,Spotify Technology SA,NYSE,25352405434.58
S,Sprint Corporation,NYSE,24877732260.4
SQ,Square Inc,NYSE,31225263880.8
SWK,Stanley Black & Decker Inc,NYSE,19564404398.14
STWD,STARWOOD PROPERTY TRUST INC,NYSE,6202748455.43
STT,State Street Corporation,NYSE,25786729860.3
STE,STERIS plc,NYSE,10080285463.14
STL,Sterling Bancorp,NYSE,4125627416.16
SF,Stifel Financial Corporation,NYSE,3825382657.74
STM,STMicroelectronics NV,NYSE,14010833265.56
STOR,STORE Capital Corporation,NYSE,7155878765.05
SYK,Stryker Corporation,NYSE,69773999798.28
SMFG,Sumitomo Mitsui Financial Group Inc,NYSE,48217934255.8
SUI,Sun Communities Inc,NYSE,10018410621.96
SLF,Sun Life Financial Inc,NYSE,22472255347.15
SU,Suncor Energy  Inc,NYSE,51734209480.32
SHO,Sunstone Hotel Investors Inc,NYSE,3389456767.95
STI,SunTrust Banks Inc,NYSE,28142265537.12
SUZ,Suzano Papel e Celulose SA,NYSE,16480741599.7
SYF,Synchrony Financial,NYSE,22389057888.2
SNX,Synnex Corporation,NYSE,4725545121.86
SNV,Synovus Financial Corp,NYSE,6031623508.1
SYY,Sysco Corporation,NYSE,33775573840.58
DATA,Tableau Software Inc,NYSE,10683290346.3
TSM,Taiwan Semiconductor Manufacturing Company Ltd,NYSE,198108103200
TAK,Takeda Pharmaceutical Company Limited,NYSE,62809816755.84
TAL,TAL Education Group,NYSE,19698853013
TGE,Tallgrass Energy LP,NYSE,6473582207.4
TPR,Tapestry Inc,NYSE,9725862488.94
TRGP,Targa Resources Inc,NYSE,9033767733
TGT,Target Corporation,NYSE,39560205443.43
TARO,Taro Pharmaceutical Industries Ltd,NYSE,4044357804.15
TTM,Tata Motors Ltd,NYSE,8761295747.7
TCF,TCF Financial Corporation,NYSE,3522307132.92
TEL,TE Connectivity Ltd,NYSE,27511591496.46
FTI,TechnipFMC plc,NYSE,9443542356.4
TECK,Teck Resources Ltd,NYSE,12147928880.36
TDOC,Teladoc Health Inc,NYSE,4169578559.76
TEO,Telecom Argentina Stet - France Telecom SA,NYSE,6379223885.62
TI,Telecom Italia SPA,NYSE,13230176410.92
TDY,Teledyne Technologies Incorporated,NYSE,8305323012.34
TFX,Teleflex Incorporated,NYSE,13202802597.15
VIV,Telefonica Brasil SA,NYSE,20331873063.04
TEF,Telefonica SA,NYSE,44808096450.18
TDS,Telephone and Data Systems Inc,NYSE,3534232095
TU,TELUS Corporation,NYSE,21236997629.32
TS,Tenaris SA,NYSE,15158092897.2
TME,Tencent Music Entertainment Group,NYSE,27998913689.92
TDC,Teradata Corporation,NYSE,5567058000
TX,Ternium SA,NYSE,5423981115.51
TEVA,Teva Pharmaceutical Industries Limited,NYSE,17161427997
TPL,Texas Pacific Land Trust,NYSE,5525492372.14
TXT,Textron Inc,NYSE,11992099506.1
AES,The AES Corporation,NYSE,11723740918.8
BX,The Blackstone Group LP,NYSE,39627849177.36
SCHW,The Charles Schwab Corporation,NYSE,57914223921.95
COO,The Cooper Companies Inc ,NYSE,14214614877
THG,The Hanover Insurance Group Inc,NYSE,4759271550
MSG,The Madison Square Garden Company,NYSE,6973360270.1
TRV,The Travelers Companies Inc,NYSE,34509493274.68
TMO,Thermo Fisher Scientific Inc,NYSE,99691069697.85
TRI,Thomson Reuters Corp,NYSE,27050542506.78
THO,Thor Industries Inc,NYSE,3499283709.15
TIF,Tiffany & Co,NYSE,11498559102.8
TSU,TIM Participacoes SA,NYSE,7306676009.55
TJX,TJX Companies Inc (The),NYSE,125534922892.16
TOL,Toll Brothers Inc,NYSE,5190058131.67
TMK,Torchmark Corporation,NYSE,8945675501.55
TTC,Toro Company (The),NYSE,7125679316.7
TD,Toronto Dominion Bank (The),NYSE,102327862749.12
TOT,Total SA,NYSE,147648469261.44
TSS,Total System Services Inc,NYSE,16467297532.4
TM,Toyota Motor Corp Ltd Ord,NYSE,169475422162.81
TRP,TransCanada Corporation,NYSE,41218837799.7
TDG,Transdigm Group Incorporated,NYSE,22622526278.85
RIG,Transocean Ltd,NYSE,4941498174.3
TRU,TransUnion,NYSE,11935620000
TREX,Trex Company Inc,NYSE,4126626228.24
TRCO,Tribune Media Company,NYSE,4044898409.1
TNET,TriNet Group Inc,NYSE,4193368462.8
TKC,Turkcell Iletisim Hizmetleri AS,NYSE,5649600000
TWLO,Twilio Inc,NYSE,14381709676.8
TWTR,Twitter Inc,NYSE,23035409482
TWO,Two Harbors Investments Corp,NYSE,3490020479
TYL,Tyler Technologies Inc,NYSE,7627582670
TSN,Tyson Foods Inc,NYSE,22931486995.32
USB,US Bancorp,NYSE,81423651873.57
UBS,UBS AG,NYSE,46021820475.56
UDR,UDR Inc,NYSE,12372179854.94
UGI,UGI Corporation,NYSE,9490149419
UGP,Ultrapar Participacoes SA,NYSE,7357852531.85
UA,Under Armour Inc,NYSE,8575694520.12
UAA,Under Armour Inc,NYSE,9634754649.24
UN,Unilever NV,NYSE,143833284000
UL,Unilever PLC,NYSE,142970598000
UNP,Union Pacific Corporation,NYSE,116830754034.1
UMC,United Microelectronics Corporation,NYSE,4483543836.84
UPS,United Parcel Service Inc,NYSE,91769227159.68
URI,United Rentals Inc,NYSE,9808804945.68
USM,United States Cellular Corporation,NYSE,3934672304
UTX,United Technologies Corporation,NYSE,106874085803.94
UNH,UnitedHealth Group Incorporated,NYSE,227688894224.35
UHS,Universal Health Services Inc,NYSE,11728482627.64
UNM,Unum Group,NYSE,7732964331.3
USFD,US Foods Holding Corp,NYSE,7416199102.08
USG,USG Corporation,NYSE,6015871241.8
VFC,VF Corporation,NYSE,33313934439.24
MTN,Vail Resorts Inc,NYSE,8737602585.65
VALE,VALE SA,NYSE,64641249851.28
VLO,Valero Energy Corporation,NYSE,33304755338.25
VVV,Valvoline Inc,NYSE,3515213178.36
VAR,Varian Medical Systems Inc,NYSE,12119704959.57
VEDL,Vedanta  Limited,NYSE,9042080817.07
VEEV,Veeva Systems Inc,NYSE,16642834955.4
VTR,Ventas Inc,NYSE,22108561415.76
VER,VEREIT Inc,NYSE,7810018114.71
VZ,Verizon Communications Inc,NYSE,233584553765.99
VET,Vermilion Energy Inc,NYSE,3844281896.51
VSM,Versum Materials Inc,NYSE,5324623973.6
VICI,VICI Properties Inc,NYSE,8564019532.36
VIPS,Vipshop Holdings Limited,NYSE,4793225671.2
V,Visa Inc,NYSE,333694049766
VST,Vistra Energy Corp,NYSE,12210526473.04
VMW,Vmware Inc,NYSE,69464227950
VNO,Vornado Realty Trust,NYSE,12887821152.36
VOYA,Voya Financial Inc,NYSE,7101255346.02
VMC,Vulcan Materials Company,NYSE,14966758444.04
WPC,WP Carey Inc,NYSE,12492129575
WRB,WR Berkley Corporation,NYSE,10102727818.8
GRA,WR Grace & Co,NYSE,5126265373.17
GWW,WW Grainger Inc,NYSE,16336284028.2
WBC,Wabco Holdings Inc,NYSE,7325780981.19
WMT,Walmart Inc,NYSE,283524329157.81
DIS,Walt Disney Company (The),NYSE,169665303397.03
WCN,Waste Connections Inc,NYSE,22317508270.54
WM,Waste Management Inc,NYSE,41932985483
WAT,Waters Corporation,NYSE,17062856492.6
WSO,Watsco Inc,NYSE,5271021794.1
W,Wayfair Inc,NYSE,15041208982.8
WBS,Webster Financial Corporation,NYSE,5080964760
WEC,WEC Energy Group Inc,NYSE,24290059871
WRI,Weingarten Realty Investors,NYSE,3465192764.46
WCG,WellCare Health Plans Inc,NYSE,11984233851.78
WFC,Wells Fargo & Company,NYSE,226561206387
WELL,Welltower Inc,NYSE,29419686691.29
WST,West Pharmaceutical Services Inc,NYSE,7535089185.33
WAL,Western Alliance Bancorporation,NYSE,4616706510
WES,Western Midstream Partners LP,NYSE,5420234097
WU,Western Union Company (The),NYSE,7815522384.67
WAB,Westinghouse Air Brake Technologies Corporation,NYSE,11387174773.96
WLK,Westlake Chemical Corporation,NYSE,8675872585.38
WBK,Westpac Banking Corporation,NYSE,65010488933.76
WRK,Westrock Company,NYSE,9627553014.3
WEX,WEX Inc,NYSE,7464651314.68
WY,Weyerhaeuser Company,NYSE,18409281840
WPM,Wheaton Precious Metals Corp,NYSE,9819833578.1
WHR,Whirlpool Corporation,NYSE,8744010584.4
WMB,Williams Companies Inc (The),NYSE,32611725412.59
WSM,Williams-Sonoma Inc,NYSE,4571255390.28
WIT,Wipro Limited,NYSE,31705898352.48
WWE,World Wrestling Entertainment Inc,NYSE,6550136400.5
WP,Worldpay Inc,NYSE,29908695864.16
WPP,WPP plc,NYSE,14097094041.24
WPX,WPX Energy Inc,NYSE,4797508137.38
WYND,Wyndham Destinations Inc,NYSE,4208326471.8
WH,Wyndham Hotels & Resorts Inc,NYSE,5090217392
XRX,Xerox Corporation,NYSE,6960712586.4
XPO,XPO Logistics Inc,NYSE,5044807614
XYL,Xylem Inc,NYSE,13480816565.84
YPF,YPF Sociedad Anonima,NYSE,5050136262.12
YUMC,Yum China Holdings Inc,NYSE,15275979206.8
YUM,Yum! Brands Inc,NYSE,29621058297.25
ZAYO,Zayo Group Holdings Inc,NYSE,6461499419.55
ZEN,Zendesk Inc,NYSE,8365305150
ZBH,Zimmer Biomet Holdings Inc,NYSE,24861138720.62
ZTS,Zoetis Inc,NYSE,44243312665.15
ZTO,ZTO Express (Cayman) Inc,NYSE,15877095036.03
CQP,Cheniere Energy Partners LP,AMEX,21151198675.1
LNG,Cheniere Energy Inc,AMEX,17064088277.67
IMO,Imperial Oil Limited,AMEX,21236210023.54
SEB,Seaboard Corporation,AMEX,4550803587
